loss,accuracy,val_loss,val_accuracy
1.0239464044570923,0.48645833134651184,1.1639810800552368,0.4392523467540741
0.9377372860908508,0.5510416626930237,1.1356762647628784,0.3644859790802002
0.8626278042793274,0.5770833492279053,0.8787662386894226,0.44859811663627625
0.8018057346343994,0.6041666865348816,0.86245197057724,0.420560747385025
0.774272084236145,0.6197916865348816,0.8086264729499817,0.4953271150588989
0.755648672580719,0.6302083134651184,0.7399792671203613,0.6822429895401001
0.7450323104858398,0.6447916626930237,0.7568053007125854,0.672897219657898
0.733409583568573,0.6343749761581421,0.7385562658309937,0.6822429895401001
0.7264729142189026,0.6385416388511658,0.7904815673828125,0.4953271150588989
0.72894686460495,0.637499988079071,0.7274272441864014,0.663551390171051
0.7266457676887512,0.640625,0.7123793363571167,0.6915887594223022
0.7155510187149048,0.6520833373069763,0.7005323767662048,0.672897219657898
0.7129166126251221,0.6541666388511658,0.6770135760307312,0.6915887594223022
0.7126753330230713,0.6520833373069763,0.7269366383552551,0.6822429895401001
0.7044724822044373,0.640625,0.7790172100067139,0.6261682510375977
0.7051343321800232,0.643750011920929,0.7455000877380371,0.6542056202888489
0.7174195051193237,0.6510416865348816,0.7759587168693542,0.6355140209197998
0.7037888169288635,0.6739583611488342,0.7897610068321228,0.6355140209197998
0.706038236618042,0.6499999761581421,0.7386114001274109,0.6542056202888489
0.7027532458305359,0.6645833253860474,0.7222738265991211,0.6915887594223022
0.6954269409179688,0.6760416626930237,0.7544962167739868,0.6355140209197998
0.6994653344154358,0.6635416746139526,0.6957988142967224,0.6915887594223022
0.6924593448638916,0.659375011920929,0.7472566366195679,0.672897219657898
0.6983281373977661,0.6708333492279053,0.7191873788833618,0.663551390171051
0.6919804811477661,0.6552083492279053,0.7195978760719299,0.672897219657898
0.6942580342292786,0.6812499761581421,0.7213364243507385,0.6542056202888489
0.6917060017585754,0.6781250238418579,0.7455784678459167,0.7009345889091492
0.6892306208610535,0.6697916388511658,0.758553683757782,0.6915887594223022
0.7014902830123901,0.668749988079071,0.8008743524551392,0.6355140209197998
0.7003962397575378,0.6677083373069763,0.7911995649337769,0.6355140209197998
0.6963289976119995,0.668749988079071,0.7781209349632263,0.663551390171051
0.6978321671485901,0.6458333134651184,0.7246600985527039,0.7009345889091492
0.6871411204338074,0.6625000238418579,0.664173424243927,0.6915887594223022
0.6954743266105652,0.6656249761581421,0.6920550465583801,0.7102803587913513
0.6905791759490967,0.6812499761581421,0.702829897403717,0.6915887594223022
0.6841774582862854,0.6770833134651184,0.694985032081604,0.6915887594223022
0.6822103261947632,0.6729166507720947,0.7207368016242981,0.6915887594223022
0.6846941113471985,0.6625000238418579,0.6759040355682373,0.7196261882781982
0.6868000030517578,0.6760416626930237,0.771753191947937,0.6355140209197998
0.6878241896629333,0.6770833134651184,0.7226670384407043,0.6822429895401001
0.6831812262535095,0.6604166626930237,0.7269858717918396,0.7102803587913513
0.6789911985397339,0.6854166388511658,0.7298643589019775,0.6822429895401001
0.6842333674430847,0.671875,0.788226842880249,0.6915887594223022
0.6817378997802734,0.671875,0.6963397860527039,0.7009345889091492
0.673335611820221,0.6729166507720947,0.7680421471595764,0.6822429895401001
0.6719517111778259,0.690625011920929,0.7083389163017273,0.7009345889091492
0.6865674257278442,0.671875,0.8394394516944885,0.6168224215507507
0.6837865114212036,0.6739583611488342,0.7001898288726807,0.7009345889091492
0.6749122142791748,0.6885416507720947,0.746066153049469,0.672897219657898
0.6673172116279602,0.6875,0.7880305647850037,0.663551390171051
0.6736778616905212,0.6947916746139526,0.7533698678016663,0.7009345889091492
0.6718778014183044,0.6833333373069763,0.7659367322921753,0.7009345889091492
0.6846283078193665,0.6677083373069763,0.6629716157913208,0.6915887594223022
0.6736109256744385,0.6770833134651184,0.7367820143699646,0.7009345889091492
0.6774963736534119,0.6770833134651184,0.7785052061080933,0.663551390171051
0.687516987323761,0.668749988079071,0.8102842569351196,0.644859790802002
0.6743345260620117,0.684374988079071,0.7030280828475952,0.6822429895401001
0.6656840443611145,0.6885416507720947,0.7216850519180298,0.6822429895401001
0.6650745272636414,0.690625011920929,0.6863561868667603,0.7196261882781982
0.6718675494194031,0.675000011920929,0.7695874571800232,0.6542056202888489
0.6693866848945618,0.6927083134651184,0.7949462532997131,0.672897219657898
0.6738730072975159,0.684374988079071,0.7391328811645508,0.672897219657898
0.6727094650268555,0.6833333373069763,0.772918701171875,0.6822429895401001
0.6656646132469177,0.7041666507720947,0.7710485458374023,0.6822429895401001
0.6587990522384644,0.6770833134651184,0.8667212724685669,0.6261682510375977
0.6597471833229065,0.7010416388511658,0.7511909604072571,0.6915887594223022
0.662265956401825,0.6958333253860474,0.7502712607383728,0.6915887594223022
0.6614766716957092,0.6885416507720947,0.7798123955726624,0.6822429895401001
0.666976809501648,0.675000011920929,0.7527574896812439,0.6915887594223022
0.6620623469352722,0.6927083134651184,0.68717360496521,0.7196261882781982
0.6542931199073792,0.7104166746139526,0.6594691872596741,0.7289719581604004
0.6640837788581848,0.6875,0.7938974499702454,0.6915887594223022
0.658180832862854,0.6916666626930237,0.7182067632675171,0.6915887594223022
0.6681978702545166,0.684374988079071,0.794662594795227,0.7009345889091492
0.6594715714454651,0.6979166865348816,0.723090648651123,0.7009345889091492
0.6593400835990906,0.6854166388511658,0.7683937549591064,0.7009345889091492
0.6520492434501648,0.7072916626930237,0.9826813340187073,0.663551390171051
0.6497504115104675,0.6916666626930237,0.7270188331604004,0.7009345889091492
0.670848548412323,0.6770833134651184,0.6901324987411499,0.7102803587913513
0.6506661772727966,0.7020833492279053,0.8741570711135864,0.7009345889091492
0.6559925079345703,0.6937500238418579,0.752411961555481,0.7196261882781982
0.6589142084121704,0.7010416388511658,0.9852727651596069,0.663551390171051
0.6541749835014343,0.6947916746139526,0.8989618420600891,0.6542056202888489
0.6528002619743347,0.6989583373069763,0.6913337111473083,0.7102803587913513
0.6603930592536926,0.6968749761581421,0.8121124505996704,0.6915887594223022
0.65280681848526,0.6916666626930237,0.7453714609146118,0.7009345889091492
0.6509255766868591,0.7041666507720947,0.8305982947349548,0.6915887594223022
0.6457640528678894,0.699999988079071,0.6933936476707458,0.7383177280426025
0.6515973210334778,0.706250011920929,0.7821963429450989,0.6915887594223022
0.6553904414176941,0.6895833611488342,0.7680040001869202,0.7196261882781982
0.6481755375862122,0.7072916626930237,0.8884989023208618,0.6915887594223022
0.6389291882514954,0.7124999761581421,0.9123605489730835,0.663551390171051
0.655518651008606,0.7020833492279053,0.7102745771408081,0.7196261882781982
0.6501080393791199,0.6989583373069763,0.8038548827171326,0.7102803587913513
0.6487141251564026,0.6875,0.7953077554702759,0.7289719581604004
0.655471920967102,0.6968749761581421,0.9032330513000488,0.672897219657898
0.6519708037376404,0.7041666507720947,0.8142099380493164,0.6915887594223022
0.6430418491363525,0.7093750238418579,0.7824099659919739,0.7102803587913513
0.6418508887290955,0.699999988079071,0.8616209626197815,0.7102803587913513
0.6414791941642761,0.699999988079071,0.9679528474807739,0.6822429895401001
0.6523049473762512,0.7020833492279053,0.9454092383384705,0.6915887594223022
0.6447312235832214,0.703125,0.8009093999862671,0.7196261882781982
0.6383132934570312,0.690625011920929,0.9052487015724182,0.6822429895401001
0.6430260539054871,0.6947916746139526,0.9590035080909729,0.6915887594223022
0.6410559415817261,0.7041666507720947,0.8034477829933167,0.7196261882781982
0.6456751227378845,0.7020833492279053,0.9351011514663696,0.672897219657898
0.6398183703422546,0.6958333253860474,0.7529233694076538,0.7009345889091492
0.6427561044692993,0.7052083611488342,0.846847414970398,0.7102803587913513
0.6451750993728638,0.7020833492279053,0.7920580506324768,0.7102803587913513
0.6375597715377808,0.7041666507720947,0.9704905152320862,0.672897219657898
0.6430110335350037,0.6895833611488342,0.8109724521636963,0.7102803587913513
0.6369962096214294,0.7114583253860474,0.8680050373077393,0.7289719581604004
0.6311374306678772,0.7124999761581421,0.7588745355606079,0.7289719581604004
0.6424853801727295,0.703125,0.7554988265037537,0.7289719581604004
0.6397776007652283,0.7041666507720947,0.7702136039733887,0.7009345889091492
0.6392928957939148,0.6916666626930237,0.7247052788734436,0.7289719581604004
0.6434001326560974,0.703125,1.0054415464401245,0.6915887594223022
0.6361688375473022,0.7093750238418579,0.9725161194801331,0.6822429895401001
0.6382824778556824,0.7145833373069763,0.8878809213638306,0.7102803587913513
0.6379023194313049,0.7010416388511658,0.8065813183784485,0.7289719581604004
0.6357475519180298,0.7177083492279053,0.9540420770645142,0.7196261882781982
0.6303556561470032,0.7093750238418579,0.9237140417098999,0.6915887594223022
0.6368023753166199,0.7104166746139526,0.9806885719299316,0.7009345889091492
0.6229403614997864,0.7104166746139526,0.768083930015564,0.7383177280426025
0.6269072890281677,0.7072916626930237,0.700643002986908,0.7289719581604004
0.6478815674781799,0.6979166865348816,0.8866427540779114,0.7102803587913513
0.6352452635765076,0.7124999761581421,0.8501532673835754,0.7289719581604004
0.6257702112197876,0.7135416865348816,0.8800470232963562,0.7383177280426025
0.6273947954177856,0.7104166746139526,0.9187629222869873,0.6915887594223022
0.6267619729042053,0.7124999761581421,0.8906423449516296,0.7196261882781982
0.6266347765922546,0.7145833373069763,0.8883466720581055,0.7009345889091492
0.6283397078514099,0.7135416865348816,0.7828905582427979,0.7383177280426025
0.6298395991325378,0.7020833492279053,0.8435682654380798,0.7102803587913513
0.6247902512550354,0.7083333134651184,0.9434338212013245,0.6915887594223022
0.6245982050895691,0.7166666388511658,0.901965856552124,0.7383177280426025
0.6199245452880859,0.7114583253860474,0.8014534115791321,0.7289719581604004
0.6243082880973816,0.7124999761581421,0.8786458373069763,0.7289719581604004
0.6234952807426453,0.715624988079071,1.0859109163284302,0.672897219657898
0.6216657161712646,0.7114583253860474,1.0111567974090576,0.6915887594223022
0.6278394460678101,0.7041666507720947,0.7955010533332825,0.7383177280426025
0.625099241733551,0.7114583253860474,0.8775005340576172,0.6822429895401001
0.6279830932617188,0.7083333134651184,0.815968930721283,0.7383177280426025
0.6222875118255615,0.7124999761581421,0.9178767800331116,0.7009345889091492
0.6249657869338989,0.699999988079071,0.9470261335372925,0.6915887594223022
0.6191624402999878,0.7020833492279053,0.7845127582550049,0.7383177280426025
0.6181581020355225,0.706250011920929,0.9636948704719543,0.672897219657898
0.622227668762207,0.7072916626930237,0.9822583198547363,0.7289719581604004
0.6180779933929443,0.706250011920929,0.8255995512008667,0.7289719581604004
0.6195200085639954,0.71875,0.9008048176765442,0.7196261882781982
0.6168264746665955,0.7083333134651184,1.1202088594436646,0.6915887594223022
0.6196300387382507,0.7072916626930237,0.9897301197052002,0.7009345889091492
0.6134642362594604,0.7197916507720947,0.8812979459762573,0.7476635575294495
0.6131114363670349,0.7072916626930237,0.8297507166862488,0.7476635575294495
0.6137058138847351,0.7229166626930237,1.1046760082244873,0.6822429895401001
0.6152802109718323,0.7197916507720947,0.9162747859954834,0.7196261882781982
0.6145293712615967,0.7177083492279053,1.084456205368042,0.6915887594223022
0.6141245365142822,0.7083333134651184,0.9992260932922363,0.7009345889091492
0.6101791262626648,0.715624988079071,0.8715783953666687,0.7196261882781982
0.6595348119735718,0.7166666388511658,0.75035160779953,0.7476635575294495
0.6120100021362305,0.7229166626930237,0.9536311030387878,0.7009345889091492
0.6056052446365356,0.7270833253860474,1.1554932594299316,0.672897219657898
0.6169902086257935,0.7083333134651184,0.8891580700874329,0.7196261882781982
0.6074232459068298,0.7177083492279053,0.9263126850128174,0.7009345889091492
0.6106902360916138,0.703125,0.8787893652915955,0.7289719581604004
0.6049469709396362,0.7322916388511658,0.7898229956626892,0.7476635575294495
0.6058918237686157,0.7093750238418579,1.031801700592041,0.7196261882781982
0.6117264628410339,0.7239583134651184,0.896949827671051,0.7196261882781982
0.604185163974762,0.7229166626930237,0.8121293783187866,0.7476635575294495
0.6040284633636475,0.715624988079071,1.0529053211212158,0.7009345889091492
0.6052239537239075,0.7104166746139526,1.1653987169265747,0.6915887594223022
0.6058405041694641,0.7124999761581421,0.9907008409500122,0.7196261882781982
0.611433744430542,0.7104166746139526,0.8060818910598755,0.7383177280426025
0.6031501889228821,0.715624988079071,1.0384855270385742,0.7102803587913513
0.6086012721061707,0.7177083492279053,0.9525447487831116,0.7196261882781982
0.6040641069412231,0.7208333611488342,0.8387746810913086,0.7476635575294495
0.6083129644393921,0.7124999761581421,0.8281304836273193,0.7476635575294495
0.603473424911499,0.7010416388511658,1.0074514150619507,0.6915887594223022
0.6006585955619812,0.7166666388511658,0.8339937925338745,0.7383177280426025
0.599676787853241,0.7270833253860474,0.9518759250640869,0.7196261882781982
0.6042569875717163,0.721875011920929,0.8923746347427368,0.7196261882781982
0.6029296517372131,0.7145833373069763,0.921843409538269,0.7383177280426025
0.5951131582260132,0.7208333611488342,0.9944769144058228,0.7196261882781982
0.598223865032196,0.7177083492279053,0.9596652388572693,0.7102803587913513
0.6015090942382812,0.715624988079071,0.941292941570282,0.7383177280426025
0.6031192541122437,0.7145833373069763,0.9423816204071045,0.7289719581604004
0.6001124978065491,0.715624988079071,1.1278399229049683,0.7102803587913513
0.5986150503158569,0.7260416746139526,0.9311671853065491,0.7102803587913513
0.5998178720474243,0.715624988079071,1.1053518056869507,0.7289719581604004
0.5952537655830383,0.7104166746139526,0.956373393535614,0.7383177280426025
0.5925089120864868,0.7208333611488342,1.1557021141052246,0.6915887594223022
0.5999066233634949,0.7020833492279053,0.9541255831718445,0.7383177280426025
0.5964040756225586,0.721875011920929,0.9598689079284668,0.7383177280426025
0.5963987708091736,0.7177083492279053,0.8677759170532227,0.7570093274116516
0.5992507934570312,0.7145833373069763,0.9958781599998474,0.7289719581604004
0.6043511629104614,0.7072916626930237,0.986277163028717,0.7196261882781982
0.5922262072563171,0.7260416746139526,0.930276095867157,0.7289719581604004
0.5944324135780334,0.721875011920929,1.1410622596740723,0.7102803587913513
0.5885498523712158,0.7229166626930237,1.0018349885940552,0.7383177280426025
0.5892638564109802,0.7104166746139526,0.9160159826278687,0.7570093274116516
0.5873234272003174,0.7208333611488342,0.9327971339225769,0.7289719581604004
0.5848734974861145,0.7229166626930237,0.9328721761703491,0.7289719581604004
0.5863454937934875,0.721875011920929,1.0087462663650513,0.7196261882781982
0.591400682926178,0.71875,1.0439578294754028,0.7289719581604004
0.5913735628128052,0.7208333611488342,0.8525663614273071,0.7476635575294495
0.58779376745224,0.71875,1.216338872909546,0.7102803587913513
0.5879984498023987,0.7197916507720947,1.0628844499588013,0.7289719581604004
0.5882862210273743,0.7208333611488342,0.9353799819946289,0.7383177280426025
0.5872453451156616,0.7083333134651184,1.0993709564208984,0.6822429895401001
0.5854138135910034,0.715624988079071,0.9855874180793762,0.7383177280426025
0.5849733352661133,0.7208333611488342,0.9260528683662415,0.7383177280426025
0.5812838077545166,0.7302083373069763,1.1093794107437134,0.7196261882781982
0.5837936997413635,0.721875011920929,1.1796495914459229,0.7289719581604004
0.5822161436080933,0.7197916507720947,1.248511791229248,0.7196261882781982
0.5829276442527771,0.7166666388511658,1.1193673610687256,0.7196261882781982
0.5841341018676758,0.7197916507720947,0.8398736715316772,0.7476635575294495
0.5833046436309814,0.7229166626930237,1.1359174251556396,0.7009345889091492
0.5865908265113831,0.7302083373069763,0.9368579983711243,0.7383177280426025
0.5811196565628052,0.7177083492279053,1.319136619567871,0.7009345889091492
0.5773468017578125,0.7270833253860474,0.9284769296646118,0.7383177280426025
0.5755614042282104,0.7364583611488342,1.0348035097122192,0.7196261882781982
0.5871027708053589,0.7124999761581421,0.8781538605690002,0.7476635575294495
0.5755085349082947,0.7302083373069763,0.9798411726951599,0.7476635575294495
0.5809429883956909,0.7083333134651184,1.0357035398483276,0.7102803587913513
0.5764761567115784,0.7270833253860474,1.1572747230529785,0.7289719581604004
0.5758147835731506,0.7197916507720947,0.9574368000030518,0.7196261882781982
0.5790188312530518,0.71875,1.178777813911438,0.7289719581604004
0.5739304423332214,0.7239583134651184,1.0605796575546265,0.7289719581604004
0.5745115280151367,0.7239583134651184,0.9964079856872559,0.7196261882781982
0.5755624175071716,0.7250000238418579,0.9900919795036316,0.7196261882781982
0.581107497215271,0.7135416865348816,0.8727904558181763,0.7476635575294495
0.570395827293396,0.7270833253860474,1.2552196979522705,0.7383177280426025
0.5752033591270447,0.7250000238418579,1.0361377000808716,0.7383177280426025
0.5766707062721252,0.7385416626930237,1.1577955484390259,0.7289719581604004
0.5705999732017517,0.7322916388511658,1.0489598512649536,0.7196261882781982
0.5722442865371704,0.721875011920929,1.1012414693832397,0.7383177280426025
0.5664239525794983,0.7250000238418579,1.0907061100006104,0.7289719581604004
0.5654571056365967,0.7354166507720947,1.1296429634094238,0.7289719581604004
0.5741943717002869,0.7208333611488342,1.0947506427764893,0.7289719581604004
0.5716396570205688,0.731249988079071,0.8610339164733887,0.7289719581604004
0.5730063319206238,0.7239583134651184,0.9120703935623169,0.7196261882781982
0.5659078359603882,0.7281249761581421,1.2669624090194702,0.7383177280426025
0.5745946168899536,0.7270833253860474,1.316943883895874,0.7196261882781982
0.5710843801498413,0.7208333611488342,1.1925532817840576,0.7196261882781982
0.5719469785690308,0.71875,1.3440088033676147,0.6822429895401001
0.5773298144340515,0.7177083492279053,0.9241838455200195,0.7196261882781982
0.5746592879295349,0.7093750238418579,1.2338210344314575,0.7196261882781982
0.5672884583473206,0.7395833134651184,0.8715070486068726,0.7570093274116516
0.5668259263038635,0.7291666865348816,1.13338303565979,0.7289719581604004
0.5653544664382935,0.7291666865348816,0.9375938177108765,0.7289719581604004
0.5686278939247131,0.7322916388511658,0.932915210723877,0.7383177280426025
0.5670427083969116,0.731249988079071,1.241344690322876,0.7289719581604004
0.5700094103813171,0.7291666865348816,0.8153358101844788,0.7476635575294495
0.57929527759552,0.7208333611488342,0.8930999636650085,0.7196261882781982
0.5635305047035217,0.7302083373069763,0.9248905181884766,0.7196261882781982
0.5576493740081787,0.7260416746139526,1.0890083312988281,0.7196261882781982
0.5720065832138062,0.7260416746139526,1.0255078077316284,0.7289719581604004
0.5574638843536377,0.737500011920929,0.9202344417572021,0.7383177280426025
0.5627847909927368,0.731249988079071,1.0761284828186035,0.7383177280426025
0.5633772611618042,0.7250000238418579,1.0126570463180542,0.7196261882781982
0.5655513405799866,0.737500011920929,0.9971164464950562,0.7383177280426025
0.563247799873352,0.7250000238418579,1.1231775283813477,0.7289719581604004
0.5578566193580627,0.7177083492279053,1.1009501218795776,0.7289719581604004
0.559180498123169,0.731249988079071,0.9444655776023865,0.7289719581604004
0.5637876987457275,0.7250000238418579,1.2071281671524048,0.7289719581604004
0.5607385039329529,0.7302083373069763,1.1162497997283936,0.7196261882781982
0.5601986646652222,0.7260416746139526,0.8766515851020813,0.7383177280426025
0.5618968605995178,0.7302083373069763,1.2532620429992676,0.7289719581604004
0.5573606491088867,0.7333333492279053,1.1775455474853516,0.7570093274116516
0.5646616220474243,0.7291666865348816,1.072285771369934,0.7289719581604004
0.5516626238822937,0.734375,1.3195606470108032,0.7196261882781982
0.5573715567588806,0.7385416626930237,1.0522972345352173,0.7289719581604004
0.5560101270675659,0.7250000238418579,1.0579036474227905,0.7196261882781982
0.5539380311965942,0.7302083373069763,0.9935963749885559,0.7102803587913513
0.5524994730949402,0.734375,0.9901424646377563,0.7289719581604004
0.5514176487922668,0.7354166507720947,1.0861034393310547,0.7196261882781982
0.5528153777122498,0.737500011920929,1.2976903915405273,0.7196261882781982
0.5554342865943909,0.7354166507720947,1.2198129892349243,0.7196261882781982
0.5584691166877747,0.7364583611488342,1.0371640920639038,0.7476635575294495
0.55018550157547,0.7322916388511658,1.1500205993652344,0.7289719581604004
0.5500620603561401,0.7437499761581421,0.8755034804344177,0.7289719581604004
0.5563299059867859,0.7250000238418579,1.1185309886932373,0.7383177280426025
0.5512765049934387,0.7281249761581421,1.0986690521240234,0.7196261882781982
0.5502535104751587,0.7437499761581421,1.116668939590454,0.7196261882781982
0.5539079904556274,0.7354166507720947,1.2150559425354004,0.7289719581604004
0.5501267910003662,0.734375,1.198574185371399,0.7289719581604004
0.5491930246353149,0.737500011920929,1.115749716758728,0.7289719581604004
0.5469741225242615,0.7322916388511658,1.3448070287704468,0.7476635575294495
0.555239737033844,0.7322916388511658,1.0611730813980103,0.7102803587913513
0.548738420009613,0.7406250238418579,1.0018473863601685,0.7289719581604004
0.541131854057312,0.734375,0.9124065637588501,0.7383177280426025
0.5421684384346008,0.7510416507720947,1.1603130102157593,0.7383177280426025
0.5406957864761353,0.7385416626930237,0.9870480895042419,0.7289719581604004
0.5506584644317627,0.734375,0.9563508629798889,0.7476635575294495
0.5595760941505432,0.737500011920929,1.398184895515442,0.7102803587913513
0.5517120957374573,0.7291666865348816,1.20842707157135,0.7196261882781982
0.5451354384422302,0.7385416626930237,1.2009576559066772,0.7476635575294495
0.5473195910453796,0.7437499761581421,1.0707170963287354,0.7289719581604004
0.5485519766807556,0.7416666746139526,1.1007448434829712,0.7289719581604004
0.5458698868751526,0.7427083253860474,1.1218830347061157,0.6915887594223022
0.5508117079734802,0.7385416626930237,0.9575499892234802,0.7102803587913513
0.5415657758712769,0.734375,1.0924738645553589,0.7383177280426025
0.5395564436912537,0.7447916865348816,1.0497928857803345,0.7289719581604004
0.5494966506958008,0.737500011920929,1.1559791564941406,0.7383177280426025
0.5436370968818665,0.7510416507720947,1.145149827003479,0.7102803587913513
0.5412595272064209,0.7395833134651184,1.1346336603164673,0.7383177280426025
0.5375107526779175,0.7416666746139526,1.3450536727905273,0.7196261882781982
0.5377907156944275,0.7510416507720947,0.9910953044891357,0.7196261882781982
0.5388506650924683,0.7447916865348816,1.133863091468811,0.7383177280426025
0.5408985018730164,0.746874988079071,0.9155532121658325,0.7570093274116516
0.5419854521751404,0.746874988079071,1.242038607597351,0.7009345889091492
0.5404356122016907,0.7427083253860474,1.035215973854065,0.7289719581604004
0.5362276434898376,0.7479166388511658,1.2566747665405273,0.7102803587913513
0.5361068248748779,0.753125011920929,1.1859811544418335,0.7289719581604004
0.5341410040855408,0.7427083253860474,1.16244375705719,0.7289719581604004
0.5346575379371643,0.7510416507720947,1.1278164386749268,0.7289719581604004
0.5441837906837463,0.7416666746139526,1.0263077020645142,0.7196261882781982
0.5331619381904602,0.7479166388511658,1.2493540048599243,0.7009345889091492
0.5318379998207092,0.7510416507720947,1.1453393697738647,0.7289719581604004
0.542766273021698,0.7395833134651184,1.0423003435134888,0.7196261882781982
0.5327231287956238,0.7489583492279053,1.2576805353164673,0.7383177280426025
0.538411557674408,0.753125011920929,1.026748776435852,0.7102803587913513
0.540131688117981,0.7416666746139526,1.1924207210540771,0.7289719581604004
0.5357476472854614,0.7322916388511658,1.0940388441085815,0.7009345889091492
0.5361267328262329,0.7489583492279053,1.1717958450317383,0.7102803587913513
0.5312573313713074,0.7562500238418579,1.1327837705612183,0.7289719581604004
0.5292829871177673,0.7520833611488342,0.9915832281112671,0.7289719581604004
0.5318305492401123,0.7510416507720947,1.086687445640564,0.7289719581604004
0.536415159702301,0.7406250238418579,1.0885118246078491,0.7102803587913513
0.5264282822608948,0.7572916746139526,1.2064311504364014,0.7196261882781982
0.5311852693557739,0.7416666746139526,1.0803037881851196,0.7196261882781982
0.5359081029891968,0.7479166388511658,1.2648627758026123,0.7289719581604004
0.5321255922317505,0.7447916865348816,1.1589549779891968,0.7009345889091492
0.5335063934326172,0.7458333373069763,1.0396113395690918,0.7196261882781982
0.5290877223014832,0.746874988079071,1.0003834962844849,0.7383177280426025
0.5268431901931763,0.7489583492279053,1.2613457441329956,0.7289719581604004
0.5244563221931458,0.7562500238418579,1.1414368152618408,0.7102803587913513
0.5251302123069763,0.7552083134651184,0.9685462117195129,0.7383177280426025
0.5249574780464172,0.7520833611488342,1.3825918436050415,0.7289719581604004
0.5222710967063904,0.7604166865348816,1.2377663850784302,0.7102803587913513
0.5289837718009949,0.7583333253860474,0.9854715466499329,0.7383177280426025
0.5278604030609131,0.7510416507720947,1.1951770782470703,0.7196261882781982
0.5265647172927856,0.7479166388511658,0.9505082368850708,0.7289719581604004
0.5200672149658203,0.7447916865348816,1.0319955348968506,0.7476635575294495
0.5211470127105713,0.7583333253860474,1.3499906063079834,0.7383177280426025
0.521025538444519,0.7593749761581421,1.0663585662841797,0.7383177280426025
0.5189030766487122,0.7604166865348816,1.110867977142334,0.7289719581604004
0.5192928314208984,0.7645833492279053,0.9966942667961121,0.7383177280426025
0.5202921628952026,0.762499988079071,0.9900219440460205,0.7476635575294495
0.5218702554702759,0.7614583373069763,1.0071003437042236,0.7196261882781982
0.520423173904419,0.7541666626930237,1.0529766082763672,0.7196261882781982
0.522858202457428,0.737500011920929,1.2288686037063599,0.7289719581604004
0.5282199382781982,0.7583333253860474,1.0451501607894897,0.7196261882781982
0.5147971510887146,0.7635416388511658,1.037577509880066,0.6915887594223022
0.5240619778633118,0.7552083134651184,1.3565062284469604,0.7009345889091492
0.5250781178474426,0.75,1.1302515268325806,0.7102803587913513
0.5145561695098877,0.753125011920929,1.312203288078308,0.7289719581604004
0.5181925296783447,0.7562500238418579,1.0826777219772339,0.7383177280426025
0.5190880298614502,0.7645833492279053,1.0793532133102417,0.7102803587913513
0.5126116275787354,0.753125011920929,1.3125327825546265,0.7289719581604004
0.5144432187080383,0.7666666507720947,0.9562280774116516,0.7289719581604004
0.5158481001853943,0.765625,1.1181573867797852,0.7383177280426025
0.5161135196685791,0.7614583373069763,1.0516352653503418,0.7383177280426025
0.5287942290306091,0.7520833611488342,1.1377967596054077,0.7383177280426025
0.5190350413322449,0.7552083134651184,1.1190906763076782,0.7196261882781982
0.5136688947677612,0.7604166865348816,1.267633080482483,0.7289719581604004
0.5161173939704895,0.7583333253860474,0.9297214150428772,0.7383177280426025
0.5222204923629761,0.737500011920929,1.2638897895812988,0.7102803587913513
0.5118077993392944,0.7645833492279053,1.0971996784210205,0.7289719581604004
0.509826123714447,0.768750011920929,1.0518832206726074,0.7476635575294495
0.5126364827156067,0.7614583373069763,0.9250009655952454,0.7570093274116516
0.5171789526939392,0.7541666626930237,1.158303141593933,0.7383177280426025
0.5099050998687744,0.7718750238418579,1.0594717264175415,0.7383177280426025
0.5143072009086609,0.765625,1.0939297676086426,0.7383177280426025
0.5081484317779541,0.7718750238418579,1.0981017351150513,0.7009345889091492
0.5085227489471436,0.7635416388511658,1.0710076093673706,0.7383177280426025
0.5137226581573486,0.7604166865348816,1.1532334089279175,0.7383177280426025
0.5007343292236328,0.765625,1.0987417697906494,0.7570093274116516
0.5044807195663452,0.7552083134651184,1.0831443071365356,0.7196261882781982
0.5161269903182983,0.7677083611488342,1.5326300859451294,0.7289719581604004
0.5105711817741394,0.7604166865348816,0.9739671945571899,0.7476635575294495
0.5086683034896851,0.765625,1.0715739727020264,0.7383177280426025
0.5070200562477112,0.7822916507720947,1.0193254947662354,0.7383177280426025
0.5043855905532837,0.765625,1.2100082635879517,0.7476635575294495
0.49776241183280945,0.7604166865348816,0.9925734400749207,0.7476635575294495
0.5045785307884216,0.7635416388511658,1.1678171157836914,0.7383177280426025
0.502285361289978,0.7604166865348816,1.3030519485473633,0.7476635575294495
0.5065373182296753,0.7708333134651184,1.1941676139831543,0.7383177280426025
0.5016467571258545,0.7729166746139526,1.2065386772155762,0.7383177280426025
0.49733781814575195,0.7645833492279053,1.110877275466919,0.7289719581604004
0.5015708804130554,0.7739583253860474,1.0122822523117065,0.7476635575294495
0.4995448887348175,0.7760416865348816,1.1490846872329712,0.7476635575294495
0.500232458114624,0.7572916746139526,1.0262495279312134,0.7476635575294495
0.5012146830558777,0.7708333134651184,1.1112511157989502,0.7383177280426025
0.4941864311695099,0.7729166746139526,1.2482130527496338,0.7196261882781982
0.5129644870758057,0.7604166865348816,1.261260986328125,0.7476635575294495
0.505384087562561,0.7677083611488342,1.0558732748031616,0.7383177280426025
0.502863347530365,0.7666666507720947,1.3073444366455078,0.7570093274116516
0.4985165297985077,0.7770833373069763,1.2129437923431396,0.7383177280426025
0.4983522295951843,0.7749999761581421,1.0966482162475586,0.7289719581604004
0.495849609375,0.7749999761581421,1.2371307611465454,0.7476635575294495
0.5043299198150635,0.7697916626930237,1.0211650133132935,0.7476635575294495
0.49451789259910583,0.7729166746139526,1.2308804988861084,0.7289719581604004
0.4998740553855896,0.7604166865348816,1.0376272201538086,0.7196261882781982
0.49601760506629944,0.7822916507720947,1.4231529235839844,0.7009345889091492
0.491769403219223,0.7760416865348816,1.1504672765731812,0.7289719581604004
0.49516957998275757,0.7749999761581421,1.2287241220474243,0.7383177280426025
0.4951387345790863,0.7729166746139526,0.9149040579795837,0.7476635575294495
0.48838838934898376,0.7770833373069763,1.3166053295135498,0.7476635575294495
0.49810031056404114,0.765625,1.1861737966537476,0.7476635575294495
0.49135908484458923,0.7697916626930237,1.1175469160079956,0.7383177280426025
0.49354133009910583,0.7760416865348816,1.103880763053894,0.7289719581604004
0.4990464448928833,0.7677083611488342,1.3719710111618042,0.7383177280426025
0.49145984649658203,0.7760416865348816,1.196433186531067,0.7383177280426025
0.4904995560646057,0.7645833492279053,1.3182095289230347,0.7570093274116516
0.4822506308555603,0.7895833253860474,1.1993141174316406,0.7383177280426025
0.49140337109565735,0.7739583253860474,1.1525627374649048,0.7383177280426025
0.4868285357952118,0.784375011920929,1.0843154191970825,0.7476635575294495
0.49814730882644653,0.784375011920929,1.228262186050415,0.7476635575294495
0.48485273122787476,0.7708333134651184,1.249110460281372,0.7476635575294495
0.482090562582016,0.7791666388511658,0.9937483668327332,0.7383177280426025
0.4869604706764221,0.7906249761581421,1.1758334636688232,0.7383177280426025
0.4835245907306671,0.778124988079071,1.21905517578125,0.7383177280426025
0.4799342751502991,0.7760416865348816,1.0755313634872437,0.7476635575294495
0.4888644218444824,0.7739583253860474,1.2058658599853516,0.7383177280426025
0.48694926500320435,0.7697916626930237,1.012701392173767,0.7476635575294495
0.49055495858192444,0.7729166746139526,0.9955728054046631,0.7476635575294495
0.49539631605148315,0.7739583253860474,1.3837155103683472,0.7289719581604004
0.4806502163410187,0.7791666388511658,1.217296838760376,0.7383177280426025
0.48364943265914917,0.7822916507720947,1.1705204248428345,0.7476635575294495
0.48828113079071045,0.7770833373069763,1.3180941343307495,0.7476635575294495
0.4863220155239105,0.7791666388511658,1.207509160041809,0.7570093274116516
0.47886592149734497,0.7822916507720947,1.047711730003357,0.7476635575294495
0.4803464710712433,0.7864583134651184,1.205879807472229,0.7383177280426025
0.48382991552352905,0.7791666388511658,1.1263928413391113,0.7383177280426025
0.48321977257728577,0.7791666388511658,1.4960308074951172,0.7289719581604004
0.4834795892238617,0.784375011920929,1.111700415611267,0.7570093274116516
0.49984318017959595,0.7677083611488342,1.1765117645263672,0.7383177280426025
0.48818403482437134,0.7833333611488342,1.4016880989074707,0.7383177280426025
0.48113489151000977,0.78125,1.1358165740966797,0.7476635575294495
0.47738635540008545,0.7906249761581421,1.2708888053894043,0.7476635575294495
0.4827211797237396,0.7822916507720947,1.3090603351593018,0.7570093274116516
0.4726971387863159,0.7958333492279053,1.3497475385665894,0.7383177280426025
0.4761735200881958,0.7760416865348816,1.2874188423156738,0.7476635575294495
0.4759756624698639,0.7906249761581421,1.3067377805709839,0.7570093274116516
0.4732532799243927,0.7864583134651184,1.3480232954025269,0.7383177280426025
0.4737730622291565,0.800000011920929,1.1730778217315674,0.7383177280426025
0.47843024134635925,0.7906249761581421,1.2074227333068848,0.7383177280426025
0.47585630416870117,0.7885416746139526,1.1935817003250122,0.7476635575294495
0.4744161069393158,0.793749988079071,1.0776373147964478,0.7289719581604004
0.4676574170589447,0.7885416746139526,1.0576200485229492,0.7476635575294495
0.48424193263053894,0.7729166746139526,1.274247407913208,0.7196261882781982
0.47642913460731506,0.7895833253860474,1.3195502758026123,0.7383177280426025
0.4696478843688965,0.7947916388511658,1.2024352550506592,0.7383177280426025
0.4683409333229065,0.7958333492279053,1.2148363590240479,0.7196261882781982
0.46963781118392944,0.7916666865348816,1.2113100290298462,0.7476635575294495
0.4643748700618744,0.796875,1.0894145965576172,0.7476635575294495
0.46134084463119507,0.7958333492279053,1.3991453647613525,0.7383177280426025
0.4663771390914917,0.7864583134651184,1.2734026908874512,0.7289719581604004
0.4559946060180664,0.7989583611488342,1.3628578186035156,0.7476635575294495
0.4664002060890198,0.7895833253860474,1.2100776433944702,0.7289719581604004
0.46103009581565857,0.8062499761581421,1.2021201848983765,0.7383177280426025
0.4666103422641754,0.796875,1.32746160030365,0.7383177280426025
0.4737812578678131,0.8031250238418579,1.3382271528244019,0.7383177280426025
0.4665500521659851,0.7864583134651184,1.5371893644332886,0.7383177280426025
0.4592846930027008,0.8031250238418579,1.495879888534546,0.7196261882781982
0.45604485273361206,0.800000011920929,1.3516483306884766,0.7383177280426025
0.4604730010032654,0.7947916388511658,1.3365745544433594,0.7383177280426025
0.45743972063064575,0.8010416626930237,1.4072492122650146,0.7289719581604004
0.46169835329055786,0.7916666865348816,1.313765525817871,0.7196261882781982
0.4657345414161682,0.7979166507720947,1.112443208694458,0.7383177280426025
0.4596138298511505,0.7947916388511658,1.1261824369430542,0.7383177280426025
0.45001399517059326,0.8072916865348816,1.3203611373901367,0.7383177280426025
0.4551905691623688,0.8031250238418579,1.382496953010559,0.7476635575294495
0.4566456973552704,0.8010416626930237,1.2056891918182373,0.7476635575294495
0.4609338343143463,0.8135416507720947,1.1591061353683472,0.7383177280426025
0.453412801027298,0.8031250238418579,1.2305443286895752,0.7383177280426025
0.456225723028183,0.8052083253860474,1.1818777322769165,0.7383177280426025
0.4588337540626526,0.8031250238418579,1.1872048377990723,0.7289719581604004
0.45557406544685364,0.8020833134651184,1.127205491065979,0.7476635575294495
0.4584173560142517,0.800000011920929,1.3843586444854736,0.7476635575294495
0.4555073380470276,0.8052083253860474,1.331505298614502,0.7476635575294495
0.46330833435058594,0.8052083253860474,1.2350412607192993,0.7476635575294495
0.4520750641822815,0.7989583611488342,1.3874022960662842,0.7383177280426025
0.4528109133243561,0.7947916388511658,1.1442530155181885,0.7383177280426025
0.4580419957637787,0.8010416626930237,1.2166413068771362,0.7289719581604004
0.44996803998947144,0.8166666626930237,1.193301796913147,0.7476635575294495
0.44849321246147156,0.8104166388511658,1.5326721668243408,0.7196261882781982
0.4445009231567383,0.8104166388511658,1.3435945510864258,0.7476635575294495
0.45262593030929565,0.8031250238418579,1.1945552825927734,0.7476635575294495
0.4504660964012146,0.800000011920929,1.2125052213668823,0.7383177280426025
0.4517571032047272,0.796875,1.2374573945999146,0.7476635575294495
0.4473304748535156,0.7979166507720947,1.643176555633545,0.7009345889091492
0.4579346477985382,0.800000011920929,1.5899511575698853,0.7289719581604004
0.4503042995929718,0.8020833134651184,1.3484954833984375,0.7476635575294495
0.4499656558036804,0.8125,1.3046125173568726,0.7476635575294495
0.44239509105682373,0.809374988079071,1.4271129369735718,0.7476635575294495
0.44779980182647705,0.8177083134651184,1.3852821588516235,0.7476635575294495
0.44167420268058777,0.8072916865348816,1.2414674758911133,0.7383177280426025
0.43708083033561707,0.8177083134651184,1.5486513376235962,0.7289719581604004
0.4431706964969635,0.8135416507720947,1.2947922945022583,0.7289719581604004
0.43689966201782227,0.8135416507720947,1.3318533897399902,0.7289719581604004
0.4353913366794586,0.815625011920929,1.339024305343628,0.7102803587913513
0.44249194860458374,0.815625011920929,1.219346523284912,0.7383177280426025
0.441262811422348,0.7989583611488342,1.2045979499816895,0.7289719581604004
0.4421028196811676,0.8072916865348816,1.2878577709197998,0.7383177280426025
0.44659778475761414,0.8104166388511658,1.3047701120376587,0.7289719581604004
0.445691853761673,0.8114583492279053,1.3985884189605713,0.7196261882781982
0.4460963010787964,0.8052083253860474,1.4987037181854248,0.7476635575294495
0.4455168843269348,0.8104166388511658,1.2310577630996704,0.7383177280426025
0.4311210513114929,0.8229166865348816,1.286538004875183,0.7476635575294495
0.43541112542152405,0.809374988079071,1.3480510711669922,0.7383177280426025
0.43682804703712463,0.8083333373069763,1.358778715133667,0.7383177280426025
0.4327319860458374,0.8135416507720947,1.3166372776031494,0.7383177280426025
0.4248933494091034,0.8145833611488342,1.5178053379058838,0.7383177280426025
0.43280377984046936,0.8177083134651184,1.3095848560333252,0.7289719581604004
0.43750664591789246,0.815625011920929,1.2922121286392212,0.7196261882781982
0.42464128136634827,0.8208333253860474,1.392134189605713,0.7383177280426025
0.42875224351882935,0.8135416507720947,1.3539583683013916,0.7289719581604004
0.4296046793460846,0.8218749761581421,1.4049826860427856,0.7476635575294495
0.434716135263443,0.8072916865348816,1.346523404121399,0.7476635575294495
0.4299068748950958,0.8270833492279053,1.330957055091858,0.7476635575294495
0.43041494488716125,0.815625011920929,1.3601388931274414,0.7196261882781982
0.43041902780532837,0.8187500238418579,1.2891597747802734,0.7289719581604004
0.43021318316459656,0.8072916865348816,1.3441537618637085,0.7009345889091492
0.4330557584762573,0.8031250238418579,1.368510365486145,0.7476635575294495
0.42805686593055725,0.8218749761581421,1.6678946018218994,0.7289719581604004
0.4314078986644745,0.809374988079071,1.3805009126663208,0.7289719581604004
0.42272526025772095,0.815625011920929,1.1754562854766846,0.7383177280426025
0.42002490162849426,0.8208333253860474,1.3007558584213257,0.7383177280426025
0.42789289355278015,0.8333333134651184,1.6251394748687744,0.7289719581604004
0.4368797838687897,0.8135416507720947,1.3016279935836792,0.7383177280426025
0.43377211689949036,0.8104166388511658,1.522883653640747,0.7009345889091492
0.410806268453598,0.828125,1.7354822158813477,0.7009345889091492
0.42982158064842224,0.8166666626930237,1.4599138498306274,0.7196261882781982
0.41726985573768616,0.8187500238418579,1.3397114276885986,0.7476635575294495
0.41810548305511475,0.8218749761581421,1.3161137104034424,0.7289719581604004
0.4212850332260132,0.831250011920929,1.3087631464004517,0.7289719581604004
0.417477011680603,0.8166666626930237,1.3884209394454956,0.7383177280426025
0.4106561839580536,0.8302083611488342,1.1739662885665894,0.7383177280426025
0.426537424325943,0.8145833611488342,1.1809570789337158,0.7196261882781982
0.4153170585632324,0.8218749761581421,1.2759284973144531,0.7383177280426025
0.40968409180641174,0.8302083611488342,1.2621426582336426,0.7383177280426025
0.4135860800743103,0.824999988079071,1.3804762363433838,0.7383177280426025
0.41871336102485657,0.8177083134651184,1.3562010526657104,0.7289719581604004
0.419941782951355,0.8229166865348816,1.3204416036605835,0.7383177280426025
0.41042664647102356,0.828125,1.2515019178390503,0.7289719581604004
0.4117324948310852,0.8302083611488342,1.416731357574463,0.7476635575294495
0.4131350517272949,0.8260416388511658,1.5575895309448242,0.7383177280426025
0.40855181217193604,0.8260416388511658,1.2061389684677124,0.7476635575294495
0.41605374217033386,0.8197916746139526,1.418403148651123,0.7289719581604004
0.4096490740776062,0.824999988079071,1.316558599472046,0.7383177280426025
0.41038376092910767,0.8229166865348816,1.2497307062149048,0.7289719581604004
0.4074682593345642,0.8239583373069763,1.5220975875854492,0.7476635575294495
0.42067673802375793,0.8114583492279053,1.437425136566162,0.7383177280426025
0.40747252106666565,0.8270833492279053,1.4588682651519775,0.7476635575294495
0.40711498260498047,0.8354166746139526,1.262221336364746,0.7383177280426025
0.40621063113212585,0.8229166865348816,1.4449748992919922,0.7289719581604004
0.4056641459465027,0.831250011920929,1.2877213954925537,0.7196261882781982
0.40190526843070984,0.828125,1.4732450246810913,0.7289719581604004
0.4036780893802643,0.824999988079071,1.2968400716781616,0.7383177280426025
0.4032973647117615,0.828125,1.5527019500732422,0.7289719581604004
0.4049012362957001,0.8322916626930237,1.534715175628662,0.7383177280426025
0.3959992825984955,0.828125,1.423291802406311,0.7383177280426025
0.3965010344982147,0.8177083134651184,1.5056604146957397,0.7383177280426025
0.41539207100868225,0.8218749761581421,1.5989452600479126,0.7196261882781982
0.42094510793685913,0.831250011920929,1.292331337928772,0.7383177280426025
0.40694013237953186,0.8239583373069763,1.365783452987671,0.7383177280426025
0.40017369389533997,0.8364583253860474,1.5325157642364502,0.7196261882781982
0.4027157425880432,0.824999988079071,1.4744176864624023,0.7383177280426025
0.3994973599910736,0.8270833492279053,1.424819827079773,0.7196261882781982
0.40159517526626587,0.8291666507720947,1.462301254272461,0.7476635575294495
0.39508673548698425,0.8374999761581421,1.4054477214813232,0.7289719581604004
0.3954988420009613,0.8354166746139526,1.4659279584884644,0.7289719581604004
0.39314454793930054,0.8291666507720947,1.3508484363555908,0.7476635575294495
0.3986157476902008,0.831250011920929,1.3202606439590454,0.7476635575294495
0.3897867500782013,0.8343750238418579,1.2466671466827393,0.7476635575294495
0.3985065221786499,0.8374999761581421,1.2676202058792114,0.7383177280426025
0.3852004408836365,0.8395833373069763,1.3865740299224854,0.7289719581604004
0.39144769310951233,0.831250011920929,1.3647242784500122,0.7289719581604004
0.3912621736526489,0.831250011920929,1.3976263999938965,0.7102803587913513
0.40722009539604187,0.8187500238418579,1.3700381517410278,0.7383177280426025
0.39384713768959045,0.8333333134651184,1.2657417058944702,0.7383177280426025
0.3911453187465668,0.840624988079071,1.5622196197509766,0.7289719581604004
0.3941658139228821,0.8208333253860474,1.3778412342071533,0.7289719581604004
0.4000393748283386,0.831250011920929,1.4639121294021606,0.7289719581604004
0.39316076040267944,0.8343750238418579,1.3312561511993408,0.7570093274116516
0.3871130645275116,0.8322916626930237,1.3602423667907715,0.7476635575294495
0.37969258427619934,0.846875011920929,1.4545854330062866,0.7289719581604004
0.37362250685691833,0.8416666388511658,1.4130706787109375,0.7289719581604004
0.3878014385700226,0.8395833373069763,1.5987143516540527,0.7383177280426025
0.3779110312461853,0.8520833253860474,1.5319005250930786,0.7383177280426025
0.38714176416397095,0.8374999761581421,1.3933303356170654,0.7383177280426025
0.40223631262779236,0.8208333253860474,1.4289342164993286,0.7476635575294495
0.3832750618457794,0.8416666388511658,1.5351299047470093,0.7289719581604004
0.38046056032180786,0.8322916626930237,1.3916784524917603,0.7476635575294495
0.3856250047683716,0.8322916626930237,1.2812501192092896,0.7383177280426025
0.3853083550930023,0.8395833373069763,1.3201751708984375,0.7476635575294495
0.3810218572616577,0.8374999761581421,1.290244698524475,0.7476635575294495
0.3787114918231964,0.8427083492279053,1.3817437887191772,0.7476635575294495
0.37923485040664673,0.8427083492279053,1.3695673942565918,0.7289719581604004
0.38406115770339966,0.8343750238418579,1.5420968532562256,0.7383177280426025
0.38575804233551025,0.8270833492279053,1.5683777332305908,0.7476635575294495
0.38001903891563416,0.8395833373069763,1.5079431533813477,0.7289719581604004
0.3830905854701996,0.8374999761581421,1.6950424909591675,0.7289719581604004
0.3849129378795624,0.8427083492279053,1.5571547746658325,0.7196261882781982
0.37976399064064026,0.8364583253860474,1.2650766372680664,0.7289719581604004
0.3828113377094269,0.8416666388511658,1.5995609760284424,0.6822429895401001
0.3759065568447113,0.8364583253860474,1.5467041730880737,0.7289719581604004
0.3726349174976349,0.8364583253860474,1.4545460939407349,0.7383177280426025
0.37627145648002625,0.8374999761581421,1.611075758934021,0.7476635575294495
0.36412230134010315,0.8489583134651184,1.3345400094985962,0.7476635575294495
0.3788413107395172,0.828125,1.1460301876068115,0.7196261882781982
0.3784112334251404,0.8416666388511658,1.3848214149475098,0.7383177280426025
0.36983171105384827,0.84375,1.4938820600509644,0.7476635575294495
0.37243983149528503,0.8500000238418579,1.4185651540756226,0.7196261882781982
0.37255361676216125,0.840624988079071,1.4460093975067139,0.7102803587913513
0.3795914947986603,0.8427083492279053,1.4783167839050293,0.7289719581604004
0.3635474443435669,0.8427083492279053,1.571675419807434,0.7383177280426025
0.3683606684207916,0.8458333611488342,1.3292462825775146,0.7383177280426025
0.36733582615852356,0.8364583253860474,1.3552740812301636,0.7383177280426025
0.37159281969070435,0.8479166626930237,1.3542841672897339,0.7102803587913513
0.37650734186172485,0.840624988079071,1.457200050354004,0.7289719581604004
0.3725920021533966,0.8416666388511658,1.6409823894500732,0.7383177280426025
0.36244556307792664,0.8458333611488342,1.6010022163391113,0.7289719581604004
0.3663419187068939,0.8500000238418579,1.51285982131958,0.7196261882781982
0.3663715720176697,0.8447916507720947,1.5430961847305298,0.7102803587913513
0.3567151129245758,0.859375,1.3715652227401733,0.7196261882781982
0.36734092235565186,0.8302083611488342,1.446402907371521,0.7383177280426025
0.3637864887714386,0.8427083492279053,1.3903758525848389,0.7289719581604004
0.36216244101524353,0.84375,1.501275897026062,0.7383177280426025
0.3555533289909363,0.8552083373069763,1.3677536249160767,0.7476635575294495
0.3566169738769531,0.8458333611488342,1.3479664325714111,0.7102803587913513
0.3684843182563782,0.840624988079071,1.3537284135818481,0.7476635575294495
0.3676126301288605,0.8427083492279053,1.8439977169036865,0.7383177280426025
0.3639138638973236,0.8427083492279053,1.5744359493255615,0.7289719581604004
0.3643273711204529,0.8447916507720947,1.3922783136367798,0.7383177280426025
0.35742539167404175,0.8520833253860474,1.4768232107162476,0.7289719581604004
0.3658022880554199,0.8500000238418579,1.4794116020202637,0.7383177280426025
0.3575277030467987,0.8552083373069763,1.2380077838897705,0.7289719581604004
0.3517834544181824,0.8479166626930237,1.549818754196167,0.7289719581604004
0.35562339425086975,0.846875011920929,1.5004881620407104,0.7383177280426025
0.3538864254951477,0.8427083492279053,1.3350213766098022,0.7196261882781982
0.3537043631076813,0.8489583134651184,1.5728920698165894,0.7289719581604004
0.3531133532524109,0.8500000238418579,1.3971819877624512,0.7196261882781982
0.3568444848060608,0.8510416746139526,1.4257153272628784,0.7289719581604004
0.3505214750766754,0.8510416746139526,1.5037384033203125,0.7383177280426025
0.3695318400859833,0.8479166626930237,1.7579514980316162,0.7009345889091492
0.35896286368370056,0.856249988079071,1.3305772542953491,0.7196261882781982
0.3496176302433014,0.8510416746139526,1.6169062852859497,0.7289719581604004
0.34624624252319336,0.8500000238418579,1.6903042793273926,0.7196261882781982
0.3559837341308594,0.8489583134651184,1.520114541053772,0.7383177280426025
0.3564949333667755,0.8479166626930237,1.4882690906524658,0.7383177280426025
0.34702861309051514,0.8531249761581421,1.3559138774871826,0.7102803587913513
0.35368961095809937,0.846875011920929,1.3986849784851074,0.7102803587913513
0.3520127236843109,0.840624988079071,1.5178542137145996,0.7476635575294495
0.343690425157547,0.8583333492279053,1.3782806396484375,0.7476635575294495
0.3439241349697113,0.8510416746139526,1.5437358617782593,0.7383177280426025
0.34519633650779724,0.8395833373069763,1.437881350517273,0.7102803587913513
0.35252317786216736,0.8583333492279053,1.5784573554992676,0.7196261882781982
0.34370744228363037,0.8583333492279053,1.5071892738342285,0.7289719581604004
0.3423832654953003,0.8656250238418579,1.7486354112625122,0.7196261882781982
0.35030266642570496,0.856249988079071,1.43976628780365,0.7383177280426025
0.3559146821498871,0.8500000238418579,1.5358569622039795,0.7383177280426025
0.34661003947257996,0.8541666865348816,1.6813733577728271,0.7289719581604004
0.350711852312088,0.8447916507720947,1.5090134143829346,0.7102803587913513
0.3342492878437042,0.8520833253860474,1.3349494934082031,0.7196261882781982
0.3355288803577423,0.8656250238418579,1.590614914894104,0.7196261882781982
0.33841389417648315,0.8531249761581421,1.573311448097229,0.7102803587913513
0.33744075894355774,0.8635416626930237,1.5944514274597168,0.7289719581604004
0.3412091135978699,0.856249988079071,1.6154117584228516,0.7196261882781982
0.3370525538921356,0.8572916388511658,1.5167300701141357,0.6822429895401001
0.3343257009983063,0.859375,1.5282318592071533,0.6915887594223022
0.3441844582557678,0.8479166626930237,1.5778273344039917,0.7196261882781982
0.34173527359962463,0.856249988079071,1.6381913423538208,0.7102803587913513
0.3398686647415161,0.8479166626930237,1.471147894859314,0.7476635575294495
0.3331448435783386,0.859375,1.443184494972229,0.7196261882781982
0.3329766094684601,0.8645833134651184,1.5704972743988037,0.7289719581604004
0.33337265253067017,0.8541666865348816,1.5624133348464966,0.7102803587913513
0.33327919244766235,0.862500011920929,1.4447579383850098,0.7102803587913513
0.32664188742637634,0.8739583492279053,1.68192720413208,0.6915887594223022
0.3298856317996979,0.871874988079071,1.6724880933761597,0.7102803587913513
0.3310756981372833,0.856249988079071,1.5723215341567993,0.7289719581604004
0.3366590440273285,0.856249988079071,1.9474148750305176,0.7196261882781982
0.330485999584198,0.8635416626930237,1.3614163398742676,0.7009345889091492
0.3289141356945038,0.859375,1.7095330953598022,0.7196261882781982
0.3335845172405243,0.862500011920929,1.6505180597305298,0.7289719581604004
0.324077308177948,0.8656250238418579,1.5962915420532227,0.7383177280426025
0.3252723515033722,0.8572916388511658,1.5122555494308472,0.6822429895401001
0.33381903171539307,0.8583333492279053,1.5665169954299927,0.7289719581604004
0.3237021863460541,0.8604166507720947,1.9098294973373413,0.6915887594223022
0.3358418643474579,0.8583333492279053,1.5154554843902588,0.7102803587913513
0.3184509873390198,0.8645833134651184,1.605978012084961,0.7383177280426025
0.32849976420402527,0.8656250238418579,1.7755330801010132,0.7102803587913513
0.3313761055469513,0.8635416626930237,1.7419127225875854,0.7102803587913513
0.32009798288345337,0.8635416626930237,1.5267597436904907,0.7102803587913513
0.32180145382881165,0.859375,1.4560059309005737,0.7196261882781982
0.3231681287288666,0.8614583611488342,1.3189340829849243,0.7196261882781982
0.32655879855155945,0.8552083373069763,1.8329612016677856,0.7289719581604004
0.3298496603965759,0.8614583611488342,1.466331124305725,0.7102803587913513
0.3271549344062805,0.8531249761581421,1.472719669342041,0.7196261882781982
0.3223101496696472,0.8656250238418579,1.6151738166809082,0.7289719581604004
0.3183196187019348,0.8677083253860474,1.626023530960083,0.7009345889091492
0.3248893916606903,0.8635416626930237,1.5629628896713257,0.6915887594223022
0.32034730911254883,0.8604166507720947,1.5332497358322144,0.7289719581604004
0.3245888650417328,0.8604166507720947,1.5934603214263916,0.6915887594223022
0.3189873695373535,0.8677083253860474,1.5541660785675049,0.7102803587913513
0.32707536220550537,0.8531249761581421,1.4854240417480469,0.7009345889091492
0.3346836268901825,0.859375,1.7309939861297607,0.7102803587913513
0.3110428750514984,0.8708333373069763,1.7028356790542603,0.7102803587913513
0.31584179401397705,0.8708333373069763,1.4077650308609009,0.7102803587913513
0.3182900846004486,0.8666666746139526,1.6013362407684326,0.7196261882781982
0.3146638572216034,0.8656250238418579,1.4601101875305176,0.7009345889091492
0.3138643801212311,0.8635416626930237,1.5084439516067505,0.7009345889091492
0.3109564185142517,0.8614583611488342,1.6366349458694458,0.7289719581604004
0.31530654430389404,0.8614583611488342,1.6326541900634766,0.7196261882781982
0.31107044219970703,0.871874988079071,1.599533200263977,0.7196261882781982
0.3106625974178314,0.8812500238418579,1.5038620233535767,0.7102803587913513
0.31236615777015686,0.8687499761581421,1.7378417253494263,0.7289719581604004
0.313343346118927,0.8645833134651184,1.6769015789031982,0.7196261882781982
0.3104619085788727,0.8770833611488342,1.4448202848434448,0.7102803587913513
0.3129846453666687,0.8614583611488342,1.682971477508545,0.7196261882781982
0.3017078936100006,0.8729166388511658,1.7003804445266724,0.7289719581604004
0.30789756774902344,0.8760416507720947,1.5988115072250366,0.7383177280426025
0.31114640831947327,0.8666666746139526,1.54710853099823,0.7102803587913513
0.3102175295352936,0.8645833134651184,1.7165954113006592,0.7289719581604004
0.3175431787967682,0.8677083253860474,1.4679127931594849,0.7102803587913513
0.3030529320240021,0.8770833611488342,1.5870288610458374,0.7102803587913513
0.3038421869277954,0.8729166388511658,1.5588655471801758,0.7196261882781982
0.30514609813690186,0.8645833134651184,1.7115575075149536,0.7196261882781982
0.303885281085968,0.8708333373069763,1.6491973400115967,0.7289719581604004
0.3167538046836853,0.871874988079071,1.6309800148010254,0.7196261882781982
0.304233193397522,0.8677083253860474,1.6837654113769531,0.7289719581604004
0.30097368359565735,0.8770833611488342,1.6525726318359375,0.7196261882781982
0.3128952980041504,0.871874988079071,1.8471856117248535,0.7196261882781982
0.29892995953559875,0.8729166388511658,1.78606116771698,0.7196261882781982
0.306615948677063,0.8697916865348816,1.6859928369522095,0.7196261882781982
0.3008584678173065,0.8739583492279053,1.6714959144592285,0.7289719581604004
0.2984902560710907,0.8791666626930237,1.6335499286651611,0.7102803587913513
0.3025171458721161,0.8791666626930237,1.7053499221801758,0.7196261882781982
0.2993553578853607,0.8739583492279053,1.632152795791626,0.7289719581604004
0.29848459362983704,0.8687499761581421,1.6423736810684204,0.7009345889091492
0.30201902985572815,0.8791666626930237,1.6231675148010254,0.6915887594223022
0.29959383606910706,0.871874988079071,1.7297176122665405,0.7383177280426025
0.29655539989471436,0.871874988079071,1.5472029447555542,0.6915887594223022
0.3030172884464264,0.8760416507720947,1.799146294593811,0.7196261882781982
0.29991188645362854,0.878125011920929,1.4673869609832764,0.7009345889091492
0.29758015275001526,0.8645833134651184,1.514163851737976,0.7102803587913513
0.2926827073097229,0.8843749761581421,1.7466304302215576,0.7196261882781982
0.2876395285129547,0.8864583373069763,1.6734861135482788,0.7289719581604004
0.2964855134487152,0.8729166388511658,1.6530611515045166,0.7289719581604004
0.2904113233089447,0.8802083134651184,1.61907160282135,0.7196261882781982
0.30149954557418823,0.875,1.7605689764022827,0.7102803587913513
0.308967649936676,0.875,1.578811526298523,0.6915887594223022
0.30153122544288635,0.875,1.5372090339660645,0.7102803587913513
0.28817933797836304,0.8708333373069763,1.452717661857605,0.6822429895401001
0.29048845171928406,0.8729166388511658,1.5832499265670776,0.7196261882781982
0.28451183438301086,0.890625,1.755723476409912,0.7383177280426025
0.29127073287963867,0.8770833611488342,1.9892864227294922,0.7196261882781982
0.2906327545642853,0.8770833611488342,1.8517085313796997,0.6822429895401001
0.29115188121795654,0.8864583373069763,1.7718411684036255,0.7196261882781982
0.28532716631889343,0.8833333253860474,1.8885760307312012,0.7009345889091492
0.28849732875823975,0.8791666626930237,1.591672658920288,0.6822429895401001
0.29094189405441284,0.8760416507720947,1.7972537279129028,0.7009345889091492
0.289258748292923,0.878125011920929,1.7317100763320923,0.7196261882781982
0.28510358929634094,0.8770833611488342,1.5939301252365112,0.7196261882781982
0.2917909324169159,0.878125011920929,1.9077208042144775,0.7289719581604004
0.28395965695381165,0.8770833611488342,1.5977447032928467,0.7196261882781982
0.2799954414367676,0.890625,1.4696316719055176,0.7102803587913513
0.2862911820411682,0.8885416388511658,1.6127430200576782,0.7383177280426025
0.2797088921070099,0.8822916746139526,1.7496269941329956,0.7383177280426025
0.2801538407802582,0.8802083134651184,1.578159213066101,0.6915887594223022
0.2820664942264557,0.8822916746139526,1.9942889213562012,0.6822429895401001
0.29519471526145935,0.8833333253860474,1.7978931665420532,0.7196261882781982
0.279682993888855,0.8843749761581421,1.581379771232605,0.7102803587913513
0.2843180298805237,0.8729166388511658,1.8415387868881226,0.7102803587913513
0.27804502844810486,0.890625,1.794580101966858,0.7196261882781982
0.28711435198783875,0.875,1.793135643005371,0.7196261882781982
0.2806164622306824,0.878125011920929,1.599275827407837,0.7102803587913513
0.2784527540206909,0.8770833611488342,1.7100969552993774,0.672897219657898
0.2893386781215668,0.8708333373069763,1.835277795791626,0.7196261882781982
0.2809111177921295,0.878125011920929,1.870954155921936,0.7289719581604004
0.2765117287635803,0.887499988079071,1.8863980770111084,0.7196261882781982
0.28053030371665955,0.8854166865348816,2.0232698917388916,0.7476635575294495
0.2779604196548462,0.8958333134651184,1.8936108350753784,0.7009345889091492
0.2747347056865692,0.8854166865348816,1.8987962007522583,0.7196261882781982
0.27869129180908203,0.8812500238418579,1.6248352527618408,0.7009345889091492
0.281617671251297,0.8822916746139526,1.7428029775619507,0.7009345889091492
0.2754126787185669,0.8843749761581421,1.7931993007659912,0.7102803587913513
0.27435410022735596,0.8822916746139526,1.8043633699417114,0.7196261882781982
0.27085697650909424,0.8802083134651184,1.8873180150985718,0.7196261882781982
0.2672073245048523,0.8885416388511658,1.7654902935028076,0.7383177280426025
0.27532488107681274,0.8833333253860474,1.689019799232483,0.7102803587913513
0.276543527841568,0.8864583373069763,1.6726772785186768,0.7196261882781982
0.2748320698738098,0.887499988079071,1.835654854774475,0.6915887594223022
0.26816341280937195,0.887499988079071,1.8534287214279175,0.7289719581604004
0.2698887586593628,0.887499988079071,1.765366554260254,0.7196261882781982
0.27639809250831604,0.887499988079071,1.9221330881118774,0.7102803587913513
0.26862892508506775,0.890625,1.8212568759918213,0.7196261882781982
0.26907286047935486,0.887499988079071,1.8132426738739014,0.7196261882781982
0.27121642231941223,0.8864583373069763,1.88228440284729,0.7383177280426025
0.2662433087825775,0.8916666507720947,1.8198660612106323,0.6915887594223022
0.26489362120628357,0.8958333134651184,1.9140273332595825,0.7196261882781982
0.27221301198005676,0.8895833492279053,1.7134575843811035,0.7102803587913513
0.2666008174419403,0.887499988079071,1.8536128997802734,0.7102803587913513
0.2675192952156067,0.890625,1.7968980073928833,0.7196261882781982
0.2672707438468933,0.890625,1.8511438369750977,0.7102803587913513
0.26413390040397644,0.8864583373069763,1.8910104036331177,0.7289719581604004
0.2656284272670746,0.8843749761581421,2.0168771743774414,0.7102803587913513
0.26345670223236084,0.890625,1.8660372495651245,0.7102803587913513
0.26503872871398926,0.8895833492279053,1.7783522605895996,0.7102803587913513
0.2565469443798065,0.8999999761581421,1.8325254917144775,0.7196261882781982
0.2758454978466034,0.8927083611488342,1.6973514556884766,0.6822429895401001
0.2693343460559845,0.8864583373069763,1.620036005973816,0.7009345889091492
0.2722955048084259,0.8812500238418579,1.9206820726394653,0.7289719581604004
0.26541784405708313,0.8916666507720947,1.936244249343872,0.7196261882781982
0.26067841053009033,0.8927083611488342,1.850521445274353,0.7102803587913513
0.25658339262008667,0.8864583373069763,2.0199947357177734,0.7289719581604004
0.260562926530838,0.9010416865348816,1.8172136545181274,0.7196261882781982
0.2570367753505707,0.8958333134651184,1.8564149141311646,0.7383177280426025
0.2529725730419159,0.903124988079071,1.8441871404647827,0.6915887594223022
0.26039919257164,0.893750011920929,1.772904634475708,0.7102803587913513
0.2544413208961487,0.8989583253860474,1.672623634338379,0.7102803587913513
0.25874990224838257,0.893750011920929,1.7365641593933105,0.7196261882781982
0.2544352114200592,0.9020833373069763,1.861412525177002,0.7102803587913513
0.25638529658317566,0.8968750238418579,2.002974033355713,0.7009345889091492
0.2586505711078644,0.8999999761581421,1.8553576469421387,0.7102803587913513
0.2626339793205261,0.887499988079071,1.737949252128601,0.7196261882781982
0.2515932619571686,0.9020833373069763,1.837799072265625,0.7102803587913513
0.26180216670036316,0.8989583253860474,1.8857742547988892,0.7196261882781982
0.24324040114879608,0.9041666388511658,1.918074131011963,0.7289719581604004
0.25002050399780273,0.9020833373069763,1.9486593008041382,0.7102803587913513
0.25124651193618774,0.9010416865348816,1.9603750705718994,0.7102803587913513
0.24700789153575897,0.893750011920929,1.7800102233886719,0.7196261882781982
0.25419095158576965,0.8947916626930237,1.9801148176193237,0.7196261882781982
0.2549525499343872,0.8968750238418579,1.701464056968689,0.7102803587913513
0.25184205174446106,0.8979166746139526,1.791042447090149,0.7102803587913513
0.2477579116821289,0.903124988079071,1.932849645614624,0.7102803587913513
0.25803142786026,0.8947916626930237,1.8449357748031616,0.7009345889091492
0.24799762666225433,0.8968750238418579,1.8355096578598022,0.7009345889091492
0.24362346529960632,0.9041666388511658,2.1655633449554443,0.7383177280426025
0.2525787651538849,0.8958333134651184,2.019845962524414,0.7196261882781982
0.247861847281456,0.9010416865348816,1.966760277748108,0.7196261882781982
0.2517014443874359,0.9010416865348816,2.172814130783081,0.7009345889091492
0.24435320496559143,0.9010416865348816,1.8367891311645508,0.7102803587913513
0.24067352712154388,0.8999999761581421,1.7594234943389893,0.6915887594223022
0.2505836486816406,0.8989583253860474,2.120652437210083,0.7196261882781982
0.2390611469745636,0.8999999761581421,1.890604853630066,0.7009345889091492
0.24569429457187653,0.9020833373069763,1.8133598566055298,0.7196261882781982
0.25028833746910095,0.8927083611488342,2.0207226276397705,0.7196261882781982
0.23891516029834747,0.903124988079071,1.8530701398849487,0.7196261882781982
0.24967315793037415,0.9041666388511658,2.1788790225982666,0.7289719581604004
0.2548479735851288,0.9020833373069763,2.0589706897735596,0.7383177280426025
0.23842081427574158,0.9041666388511658,1.952970027923584,0.7196261882781982
0.24847251176834106,0.8916666507720947,1.8544400930404663,0.7196261882781982
0.24423731863498688,0.903124988079071,1.8456611633300781,0.7196261882781982
0.23585334420204163,0.8989583253860474,1.8489898443222046,0.7009345889091492
0.23789459466934204,0.9010416865348816,1.8515757322311401,0.7196261882781982
0.2375924289226532,0.9041666388511658,1.9568101167678833,0.7102803587913513
0.23335590958595276,0.9020833373069763,1.929243564605713,0.7009345889091492
0.24432426691055298,0.90625,1.8491917848587036,0.7009345889091492
0.25989627838134766,0.9020833373069763,2.1710867881774902,0.7196261882781982
0.23788486421108246,0.9135416746139526,1.845720648765564,0.6915887594223022
0.2356712818145752,0.9010416865348816,1.8706772327423096,0.6915887594223022
0.23283784091472626,0.9083333611488342,1.761930227279663,0.663551390171051
0.2330363392829895,0.9104166626930237,1.845875859260559,0.6915887594223022
0.23476344347000122,0.9125000238418579,2.1027493476867676,0.7570093274116516
0.23326902091503143,0.90625,2.0369436740875244,0.7102803587913513
0.24001498520374298,0.8999999761581421,1.9777754545211792,0.7196261882781982
0.24139158427715302,0.9072916507720947,1.8752100467681885,0.6915887594223022
0.23123209178447723,0.8979166746139526,1.9151006937026978,0.7009345889091492
0.2397395819425583,0.9083333611488342,1.8906183242797852,0.7102803587913513
0.23457862436771393,0.8989583253860474,2.069772243499756,0.7196261882781982
0.23664730787277222,0.9052083492279053,2.0300920009613037,0.7009345889091492
0.23410071432590485,0.903124988079071,1.8988184928894043,0.6822429895401001
0.23214656114578247,0.9114583134651184,2.187108278274536,0.7196261882781982
0.2368389517068863,0.8999999761581421,2.0161616802215576,0.7289719581604004
0.23141904175281525,0.9072916507720947,1.9326680898666382,0.663551390171051
0.23773881793022156,0.9052083492279053,1.9640156030654907,0.7196261882781982
0.23821061849594116,0.8999999761581421,1.9940834045410156,0.7289719581604004
0.22749938070774078,0.9052083492279053,1.8002829551696777,0.7009345889091492
0.22894708812236786,0.909375011920929,2.2257587909698486,0.7102803587913513
0.22775739431381226,0.9104166626930237,2.1539113521575928,0.7009345889091492
0.2305913120508194,0.9052083492279053,2.022285223007202,0.7196261882781982
0.2264728546142578,0.8979166746139526,2.2689297199249268,0.7102803587913513
0.23326972126960754,0.9020833373069763,1.92766535282135,0.6915887594223022
0.22746671736240387,0.9083333611488342,1.9490458965301514,0.6822429895401001
0.22400923073291779,0.9020833373069763,1.9510208368301392,0.7102803587913513
0.22163616120815277,0.9156249761581421,1.9039990901947021,0.7102803587913513
0.24694180488586426,0.9052083492279053,2.0711863040924072,0.6915887594223022
0.22145976126194,0.9166666865348816,1.9322675466537476,0.7102803587913513
0.22242692112922668,0.909375011920929,2.0656239986419678,0.7009345889091492
0.2267204374074936,0.9135416746139526,2.2525863647460938,0.7476635575294495
0.21808598935604095,0.9114583134651184,2.0275168418884277,0.7009345889091492
0.21666662395000458,0.9125000238418579,2.117949962615967,0.6915887594223022
0.21552899479866028,0.918749988079071,2.27131724357605,0.7196261882781982
0.22067376971244812,0.9083333611488342,1.9625837802886963,0.6915887594223022
0.22116969525814056,0.90625,1.8210878372192383,0.672897219657898
0.2233951836824417,0.9052083492279053,1.8252215385437012,0.6915887594223022
0.21907901763916016,0.9135416746139526,2.0597915649414062,0.7009345889091492
0.22564713656902313,0.90625,2.080329418182373,0.7102803587913513
0.226962611079216,0.9083333611488342,1.7386423349380493,0.672897219657898
0.22047488391399384,0.9135416746139526,2.1653666496276855,0.7102803587913513
0.21638794243335724,0.9083333611488342,2.308525800704956,0.7102803587913513
0.2301149070262909,0.9072916507720947,2.4062881469726562,0.7289719581604004
0.2376231849193573,0.909375011920929,1.9242722988128662,0.7102803587913513
0.21582122147083282,0.9114583134651184,1.9494467973709106,0.6915887594223022
0.21266935765743256,0.9052083492279053,1.8757050037384033,0.6915887594223022
0.22437191009521484,0.9114583134651184,2.1463143825531006,0.7102803587913513
0.2141282707452774,0.9197916388511658,1.9624180793762207,0.7009345889091492
0.2124992161989212,0.918749988079071,1.880508542060852,0.6915887594223022
0.2132922112941742,0.9156249761581421,2.055166482925415,0.6822429895401001
0.20417676866054535,0.9197916388511658,1.9790401458740234,0.6915887594223022
0.21550185978412628,0.9135416746139526,1.97091543674469,0.7009345889091492
0.20792356133460999,0.9145833253860474,1.930938720703125,0.6822429895401001
0.22458729147911072,0.909375011920929,2.067605495452881,0.7196261882781982
0.20929543673992157,0.9197916388511658,2.247041702270508,0.7196261882781982
0.21379119157791138,0.9104166626930237,2.003737449645996,0.6822429895401001
0.21067945659160614,0.9114583134651184,2.076627254486084,0.7289719581604004
0.20736812055110931,0.9208333492279053,2.1213276386260986,0.6915887594223022
0.20646421611309052,0.9125000238418579,2.101741313934326,0.7009345889091492
0.20490702986717224,0.9229166507720947,2.164658308029175,0.7009345889091492
0.21124659478664398,0.9156249761581421,2.0100667476654053,0.6822429895401001
0.21257223188877106,0.9156249761581421,2.1147403717041016,0.6822429895401001
0.2172391265630722,0.9114583134651184,2.2340879440307617,0.7289719581604004
0.21080319583415985,0.9145833253860474,2.0400445461273193,0.6542056202888489
0.2143033891916275,0.9166666865348816,2.0265426635742188,0.6915887594223022
0.2180202752351761,0.9114583134651184,2.06117844581604,0.7102803587913513
0.20681048929691315,0.909375011920929,2.2890818119049072,0.7009345889091492
0.21357975900173187,0.903124988079071,1.9394822120666504,0.6542056202888489
0.20867830514907837,0.9177083373069763,2.096292734146118,0.7102803587913513
0.21171186864376068,0.9125000238418579,2.1437432765960693,0.7009345889091492
0.2076660692691803,0.9270833134651184,1.98784601688385,0.7009345889091492
0.20249289274215698,0.9239583611488342,2.1736900806427,0.6915887594223022
0.20395687222480774,0.9229166507720947,1.9535980224609375,0.6822429895401001
0.20003795623779297,0.9229166507720947,2.140531301498413,0.6822429895401001
0.21733145415782928,0.9177083373069763,2.123872756958008,0.7196261882781982
0.21125055849552155,0.9145833253860474,2.0594091415405273,0.6915887594223022
0.2059500813484192,0.918749988079071,2.269423246383667,0.7289719581604004
0.20440739393234253,0.9145833253860474,2.2597813606262207,0.6915887594223022
0.20982356369495392,0.921875,2.112082004547119,0.6915887594223022
0.20090250670909882,0.921875,2.0941226482391357,0.7009345889091492
0.2052285373210907,0.925000011920929,2.0939207077026367,0.672897219657898
0.19728730618953705,0.9291666746139526,2.239189386367798,0.7289719581604004
0.19666986167430878,0.9302083253860474,2.2553701400756836,0.7289719581604004
0.2025030553340912,0.9239583611488342,1.9370197057724,0.6915887594223022
0.20032836496829987,0.9291666746139526,2.140345573425293,0.7009345889091492
0.19866663217544556,0.9229166507720947,2.1541781425476074,0.7196261882781982
0.19682733714580536,0.921875,2.101450204849243,0.7009345889091492
0.19885872304439545,0.9229166507720947,2.1027419567108154,0.6822429895401001
0.19206812977790833,0.9208333492279053,2.2203826904296875,0.6915887594223022
0.19755758345127106,0.9270833134651184,2.117936134338379,0.672897219657898
0.19967545568943024,0.918749988079071,2.3045129776000977,0.7196261882781982
0.2086494266986847,0.9135416746139526,2.4075465202331543,0.7102803587913513
0.19040001928806305,0.9302083253860474,2.379765272140503,0.7196261882781982
0.19864079356193542,0.921875,2.1767914295196533,0.6822429895401001
0.19063416123390198,0.925000011920929,2.1763579845428467,0.7102803587913513
0.1967277228832245,0.918749988079071,2.4859344959259033,0.7102803587913513
0.19662444293498993,0.9239583611488342,2.1180663108825684,0.6822429895401001
0.1949893683195114,0.9239583611488342,2.1417903900146484,0.7009345889091492
0.19240711629390717,0.9270833134651184,2.632550001144409,0.6915887594223022
0.20149976015090942,0.918749988079071,2.0810818672180176,0.7009345889091492
0.1957421898841858,0.9239583611488342,2.0064053535461426,0.7009345889091492
0.1896550953388214,0.9270833134651184,2.1229727268218994,0.6915887594223022
0.1869325190782547,0.9260416626930237,2.220715045928955,0.6915887594223022
0.1886838972568512,0.9239583611488342,2.153163433074951,0.7009345889091492
0.18864984810352325,0.9312499761581421,1.9816160202026367,0.7009345889091492
0.18596304953098297,0.9302083253860474,2.0257301330566406,0.6822429895401001
0.18844477832317352,0.9291666746139526,2.074265718460083,0.7196261882781982
0.18478426337242126,0.9270833134651184,2.1297879219055176,0.672897219657898
0.18542484939098358,0.9281250238418579,2.1048436164855957,0.7102803587913513
0.18962913751602173,0.9208333492279053,2.347731828689575,0.7009345889091492
0.18262185156345367,0.9333333373069763,2.1171791553497314,0.7009345889091492
0.18620039522647858,0.9312499761581421,2.2131505012512207,0.672897219657898
0.18439625203609467,0.9302083253860474,2.3860690593719482,0.7102803587913513
0.18418246507644653,0.9333333373069763,2.3423876762390137,0.7009345889091492
0.19646762311458588,0.9197916388511658,2.3030107021331787,0.7289719581604004
0.18893928825855255,0.9239583611488342,2.264622449874878,0.7289719581604004
0.18834784626960754,0.9239583611488342,2.2530863285064697,0.672897219657898
0.1828279346227646,0.9312499761581421,2.1772916316986084,0.7196261882781982
0.1917189508676529,0.9375,2.0569686889648438,0.7009345889091492
0.1866939216852188,0.9270833134651184,2.3760972023010254,0.6822429895401001
0.18596042692661285,0.9291666746139526,2.364644765853882,0.7009345889091492
0.17711511254310608,0.9395833611488342,2.3855676651000977,0.7102803587913513
0.18156078457832336,0.9270833134651184,2.093846082687378,0.6822429895401001
0.1779794991016388,0.9333333373069763,2.175139904022217,0.672897219657898
0.1805461198091507,0.9312499761581421,2.170403242111206,0.7102803587913513
0.1864256113767624,0.9322916865348816,2.427471399307251,0.7196261882781982
0.1832253634929657,0.934374988079071,2.2317731380462646,0.6915887594223022
0.1820545792579651,0.934374988079071,2.365145683288574,0.7289719581604004
0.1794748306274414,0.940625011920929,2.325514316558838,0.7009345889091492
0.18993261456489563,0.925000011920929,2.4544053077697754,0.7196261882781982
0.18039470911026,0.9208333492279053,2.3422048091888428,0.6915887594223022
0.17818142473697662,0.9312499761581421,2.273768901824951,0.6915887594223022
0.18107856810092926,0.9302083253860474,2.2889087200164795,0.672897219657898
0.17312438786029816,0.9312499761581421,2.304426670074463,0.6915887594223022
0.1820921152830124,0.9322916865348816,2.3321728706359863,0.7102803587913513
0.17578206956386566,0.9312499761581421,2.3224661350250244,0.7009345889091492
0.1813724935054779,0.9354166388511658,2.4946634769439697,0.6915887594223022
0.17716382443904877,0.9322916865348816,2.3444454669952393,0.6822429895401001
0.17379377782344818,0.9395833611488342,2.300360679626465,0.7009345889091492
